[
  {
    "id": 1,
    "priority": 1,
    "action": {
      "type": "modifyHeaders",
      "responseHeaders": [
        {
          "header": "Access-Control-Allow-Origin",
          "operation": "set",
          "value": "*"
        }
      ]
    },
    "condition": {
      "urlFilter": "*://*.binance.com/*",
      "resourceTypes": ["xmlhttprequest"]
    }
  },
  {
    "id": 2,
    "priority": 1,
    "action": {
      "type": "modifyHeaders",
      "responseHeaders": [
        {
          "header": "Access-Control-Allow-Origin",
          "operation": "set",
          "value": "*"
        }
      ]
    },
    "condition": {
      "urlFilter": "*://*.binance.vision/*",
      "resourceTypes": ["xmlhttprequest"]
    }
  },
  {
    "id": 3,
    "priority": 1,
    "action": {
      "type": "modifyHeaders",
      "responseHeaders": [
        {
          "header": "Access-Control-Allow-Origin",
          "operation": "set",
          "value": "*"
        }
      ]
    },
    "condition": {
      "urlFilter": "*://*.upbit.com/*",
      "resourceTypes": ["xmlhttprequest"]
    }
  },
  {
    "id": 4,
    "priority": 1,
    "action": {
      "type": "modifyHeaders",
      "responseHeaders": [
        {
          "header": "Access-Control-Allow-Origin",
          "operation": "set",
          "value": "*"
        }
      ]
    },
    "condition": {
      "urlFilter": "*://*.bithumb.com/*",
      "resourceTypes": ["xmlhttprequest"]
    }
  },
  {
    "id": 5,
    "priority": 1,
    "action": {
      "type": "modifyHeaders",
      "responseHeaders": [
        {
          "header": "Access-Control-Allow-Origin",
          "operation": "set",
          "value": "*"
        }
      ]
    },
    "condition": {
      "urlFilter": "*://*.bybit.com/*",
      "resourceTypes": ["xmlhttprequest"]
    }
  },
  {
    "id": 6,
    "priority": 1,
    "action": {
      "type": "modifyHeaders",
      "responseHeaders": [
        {
          "header": "Access-Control-Allow-Origin",
          "operation": "set",
          "value": "*"
        }
      ]
    },
    "condition": {
      "urlFilter": "*://*.okx.com/*",
      "resourceTypes": ["xmlhttprequest"]
    }
  },
  {
    "id": 7,
    "priority": 1,
    "action": {
      "type": "modifyHeaders",
      "responseHeaders": [
        {
          "header": "Access-Control-Allow-Origin",
          "operation": "set",
          "value": "*"
        }
      ]
    },
    "condition": {
      "urlFilter": "*://*.huobi.com/*",
      "resourceTypes": ["xmlhttprequest"]
    }
  },
  {
    "id": 8,
    "priority": 1,
    "action": {
      "type": "modifyHeaders",
      "responseHeaders": [
        {
          "header": "Access-Control-Allow-Origin",
          "operation": "set",
          "value": "*"
        }
      ]
    },
    "condition": {
      "urlFilter": "*://*.kucoin.com/*",
      "resourceTypes": ["xmlhttprequest"]
    }
  },
  {
    "id": 9,
    "priority": 1,
    "action": {
      "type": "modifyHeaders",
      "responseHeaders": [
        {
          "header": "Access-Control-Allow-Origin",
          "operation": "set",
          "value": "*"
        }
      ]
    },
    "condition": {
      "urlFilter": "*://*.bitget.com/*",
      "resourceTypes": ["xmlhttprequest"]
    }
  }
]
